Oona,Swigart,16076420,Oona.Swigart@college.harvard.edu,1
Deirdre,Khorma,11100518,Deirdre.Khorma@college.harvard.edu,1
Fina,Zetta,17941504,Fina.Zetta@college.harvard.edu,1
Heida,Izaak,13942697,Heida.Izaak@college.harvard.edu,1
Ethel,Hartnett,11383680,Ethel.Hartnett@college.harvard.edu,1
Nanete,Kenwood,13603325,Nanete.Kenwood@college.harvard.edu,1
Gerianna,Maples,11245424,Gerianna.Maples@college.harvard.edu,1
Dania,Boycey,11614816,Dania.Boycey@college.harvard.edu,1
Rochette,Genna,19958152,Rochette.Genna@college.harvard.edu,1
Ardenia,Wareing,11026377,Ardenia.Wareing@college.harvard.edu,1
Elfreda,Jethro,16322570,Elfreda.Jethro@college.harvard.edu,1
Kathi,Emmy,13607623,Kathi.Emmy@college.harvard.edu,1
Jsandye,Tamar,18483554,Jsandye.Tamar@college.harvard.edu,1
Gilligan,Yusuk,10995865,Gilligan.Yusuk@college.harvard.edu,1
Jere,Rogerio,13250942,Jere.Rogerio@college.harvard.edu,1
Clementine,Granoff,10504852,Clementine.Granoff@college.harvard.edu,1
Siana,Annice,13442797,Siana.Annice@college.harvard.edu,1
Marjie,Tristram,18960145,Marjie.Tristram@college.harvard.edu,1
Sam,Tound,13871481,Sam.Tound@college.harvard.edu,1
Chastity,Sabella,13299610,Chastity.Sabella@college.harvard.edu,1
Brena,Kesley,19274804,Brena.Kesley@college.harvard.edu,1
Jaclyn,Ioab,12898682,Jaclyn.Ioab@college.harvard.edu,1
Deedee,Stanwood,17175615,Deedee.Stanwood@college.harvard.edu,1
Jan,Killigrew,12211147,Jan.Killigrew@college.harvard.edu,1
Ezmeralda,Lindemann,19575575,Ezmeralda.Lindemann@college.harvard.edu,1
Nariko,Sallyann,18953266,Nariko.Sallyann@college.harvard.edu,1
Zondra,Kathie,19999567,Zondra.Kathie@college.harvard.edu,1
Audrie,Weaks,11069346,Audrie.Weaks@college.harvard.edu,1
Amalie,Alabaster,16930954,Amalie.Alabaster@college.harvard.edu,1
Shauna,Jillane,19604214,Shauna.Jillane@college.harvard.edu,1
Ardenia,Chobot,14627170,Ardenia.Chobot@college.harvard.edu,1
Ileana,Michella,14244904,Ileana.Michella@college.harvard.edu,1
Mathilda,Mauer,19854714,Mathilda.Mauer@college.harvard.edu,1
Nananne,O'Carroll,15923124,Nananne.O'Carroll@college.harvard.edu,1
Brynna,Lunsford,11392410,Brynna.Lunsford@college.harvard.edu,1
Aimil,Tacye,15221282,Aimil.Tacye@college.harvard.edu,1
Lory,Kat,11308726,Lory.Kat@college.harvard.edu,1
Harmonia,Mike,18002861,Harmonia.Mike@college.harvard.edu,1
Mallory,Bandeen,16165052,Mallory.Bandeen@college.harvard.edu,1
Merry,Meli,19293136,Merry.Meli@college.harvard.edu,1
Brana,Tacye,19181978,Brana.Tacye@college.harvard.edu,1
Jerry,Naor,11001071,Jerry.Naor@college.harvard.edu,1
Kalina,Byrne,16172206,Kalina.Byrne@college.harvard.edu,1
Marti,Garlinda,14768316,Marti.Garlinda@college.harvard.edu,1
Lorenza,Zenas,15456782,Lorenza.Zenas@college.harvard.edu,1
Frank,Riordan,18399516,Frank.Riordan@college.harvard.edu,1
Annabela,Rodmann,17433332,Annabela.Rodmann@college.harvard.edu,1
Raina,Virgin,12379766,Raina.Virgin@college.harvard.edu,1
Zia,Cottle,12193417,Zia.Cottle@college.harvard.edu,1
Tracey,Auberbach,13068180,Tracey.Auberbach@college.harvard.edu,1
Doro,Gaulin,10773417,Doro.Gaulin@college.harvard.edu,1
Jordan,Duwalt,16554351,Jordan.Duwalt@college.harvard.edu,1
Lulita,Maisey,16774006,Lulita.Maisey@college.harvard.edu,1
Eolanda,Peg,19613518,Eolanda.Peg@college.harvard.edu,1
Karena,Yoko,16626949,Karena.Yoko@college.harvard.edu,1
Corry,Mich,12513879,Corry.Mich@college.harvard.edu,1
Sindee,Holbrook,15918406,Sindee.Holbrook@college.harvard.edu,1
Rosene,Zaslow,16287104,Rosene.Zaslow@college.harvard.edu,1
Sheelagh,Rad,10297506,Sheelagh.Rad@college.harvard.edu,1
Vinita,Halla,15971409,Vinita.Halla@college.harvard.edu,1
Olwen,Gualtiero,15683100,Olwen.Gualtiero@college.harvard.edu,1
Heida,Buttaro,13580117,Heida.Buttaro@college.harvard.edu,1
Marinna,Richers,15139396,Marinna.Richers@college.harvard.edu,1
Eugine,Cosenza,14807138,Eugine.Cosenza@college.harvard.edu,1
Bee,Eckblad,17355908,Bee.Eckblad@college.harvard.edu,1
Elka,Cristi,11594912,Elka.Cristi@college.harvard.edu,1
Basia,Helfand,14445768,Basia.Helfand@college.harvard.edu,1
Jerry,Sophronia,11819896,Jerry.Sophronia@college.harvard.edu,1
Gerrie,Wesle,10902416,Gerrie.Wesle@college.harvard.edu,1
Kial,Ochs,12922281,Kial.Ochs@college.harvard.edu,1
Laure,Rosemary,12459845,Laure.Rosemary@college.harvard.edu,1
Elka,Chesna,19752647,Elka.Chesna@college.harvard.edu,1
Maisey,Lacombe,13605710,Maisey.Lacombe@college.harvard.edu,1
Fanchon,Hurley,10431961,Fanchon.Hurley@college.harvard.edu,1
Gratia,Shanley,10885196,Gratia.Shanley@college.harvard.edu,1
Tomasina,Hoban,15333981,Tomasina.Hoban@college.harvard.edu,1
Ofilia,Taima,18968969,Ofilia.Taima@college.harvard.edu,1
Meghann,McGrody,12153041,Meghann.McGrody@college.harvard.edu,1
Jemie,Abbot,18958721,Jemie.Abbot@college.harvard.edu,1
Gerianna,Ashok,18081379,Gerianna.Ashok@college.harvard.edu,1
Maisey,Fleeta,19822763,Maisey.Fleeta@college.harvard.edu,1
Gavrielle,Redmond,13539441,Gavrielle.Redmond@college.harvard.edu,1
Concettina,Madaih,16193384,Concettina.Madaih@college.harvard.edu,1
Amii,Whiffen,16183903,Amii.Whiffen@college.harvard.edu,1
Ezmeralda,Emerson,11661316,Ezmeralda.Emerson@college.harvard.edu,1
Merci,Nisbet,11234062,Merci.Nisbet@college.harvard.edu,1
Lusa,Billye,17658135,Lusa.Billye@college.harvard.edu,1
Patricia,Garek,16825995,Patricia.Garek@college.harvard.edu,1
Tani,Campball,14923327,Tani.Campball@college.harvard.edu,1
Deane,Gherardo,16137407,Deane.Gherardo@college.harvard.edu,1
Hollie,Publia,13455091,Hollie.Publia@college.harvard.edu,1
Roxane,Grimbly,19307861,Roxane.Grimbly@college.harvard.edu,1
Cacilie,Garlinda,15591055,Cacilie.Garlinda@college.harvard.edu,1
Jacquetta,Obed,10179542,Jacquetta.Obed@college.harvard.edu,1
Aili,Damarra,14357378,Aili.Damarra@college.harvard.edu,1
Pierette,Othilia,18189491,Pierette.Othilia@college.harvard.edu,1
Elie,Winnick,16730800,Elie.Winnick@college.harvard.edu,1
Lanae,Schenck,13638057,Lanae.Schenck@college.harvard.edu,1
Benita,Medrek,14325078,Benita.Medrek@college.harvard.edu,1
Gretal,Lenny,12676749,Gretal.Lenny@college.harvard.edu,1
Max,Wilkinson,17436077,Max.Wilkinson@college.harvard.edu,1
Danny,McGrody,10636581,Danny.McGrody@college.harvard.edu,1
Shauna,Goldina,18670050,Shauna.Goldina@college.harvard.edu,1
Adriana,Liebermann,13083851,Adriana.Liebermann@college.harvard.edu,1
Kayla,Carmena,19670373,Kayla.Carmena@college.harvard.edu,1
Jenilee,Alexandr,12808702,Jenilee.Alexandr@college.harvard.edu,1
Adele,Malina,16872005,Adele.Malina@college.harvard.edu,1
Dulce,Vernier,16509370,Dulce.Vernier@college.harvard.edu,1
Feliza,Hurley,12002503,Feliza.Hurley@college.harvard.edu,1
Nickie,Harriman,16746023,Nickie.Harriman@college.harvard.edu,1
Gusty,Roche,13328560,Gusty.Roche@college.harvard.edu,1
Briney,Fairweather,19201081,Briney.Fairweather@college.harvard.edu,1
Alleen,Norvol,11985200,Alleen.Norvol@college.harvard.edu,1
Sidoney,Killigrew,16927572,Sidoney.Killigrew@college.harvard.edu,1
Feliza,Ursulette,16147570,Feliza.Ursulette@college.harvard.edu,1
Janenna,Nickola,16179366,Janenna.Nickola@college.harvard.edu,1
Melisent,Dichy,19512084,Melisent.Dichy@college.harvard.edu,1
Dede,Bevin,12076755,Dede.Bevin@college.harvard.edu,1
Frieda,Ardeha,10260823,Frieda.Ardeha@college.harvard.edu,1
Letizia,Clarissa,12941771,Letizia.Clarissa@college.harvard.edu,1
Kamilah,Goerke,17125099,Kamilah.Goerke@college.harvard.edu,1
Vinita,Wyn,15029274,Vinita.Wyn@college.harvard.edu,1
Karly,Whittaker,17377043,Karly.Whittaker@college.harvard.edu,1
Fredericka,Bartlett,13291701,Fredericka.Bartlett@college.harvard.edu,1
Shaine,Elephus,19476943,Shaine.Elephus@college.harvard.edu,1
Lorenza,Catie,19671469,Lorenza.Catie@college.harvard.edu,1
Trixi,Nickola,19310477,Trixi.Nickola@college.harvard.edu,1
Corry,Solitta,14119834,Corry.Solitta@college.harvard.edu,1
Jessamyn,Norvol,13093153,Jessamyn.Norvol@college.harvard.edu,1
Eolanda,Leler,10657803,Eolanda.Leler@college.harvard.edu,1
Dolli,Docilla,14113016,Dolli.Docilla@college.harvard.edu,1
Roxane,Weinreb,13658477,Roxane.Weinreb@college.harvard.edu,1
Dotty,Saunderson,13108660,Dotty.Saunderson@college.harvard.edu,1
Corry,Strephon,10939633,Corry.Strephon@college.harvard.edu,1
Angela,Duwalt,19037509,Angela.Duwalt@college.harvard.edu,1
Elmira,Helve,12044802,Elmira.Helve@college.harvard.edu,1
Roz,Kalinda,13162195,Roz.Kalinda@college.harvard.edu,1
Carmela,Karna,17425501,Carmela.Karna@college.harvard.edu,1
Ana,Bollay,19210549,Ana.Bollay@college.harvard.edu,1
Marika,Kannry,17441113,Marika.Kannry@college.harvard.edu,1
Genevra,Rillings,10949407,Genevra.Rillings@college.harvard.edu,1
Thalia,Manolo,12596752,Thalia.Manolo@college.harvard.edu,1
Merry,Drus,12392296,Merry.Drus@college.harvard.edu,1
Natka,Ellord,13481438,Natka.Ellord@college.harvard.edu,1
Celene,Flita,14264948,Celene.Flita@college.harvard.edu,1
Deirdre,Chrystel,18986651,Deirdre.Chrystel@college.harvard.edu,1
Rivalee,Dom,18569603,Rivalee.Dom@college.harvard.edu,1
Joy,Dielu,16119039,Joy.Dielu@college.harvard.edu,1
Mallory,Ajay,11476841,Mallory.Ajay@college.harvard.edu,1
Nelle,Erich,13451313,Nelle.Erich@college.harvard.edu,1
Kristan,Newell,19604869,Kristan.Newell@college.harvard.edu,1
Karolina,Suzetta,16865470,Karolina.Suzetta@college.harvard.edu,1
Etta,Girardo,13042891,Etta.Girardo@college.harvard.edu,1
Elora,Haerr,11676178,Elora.Haerr@college.harvard.edu,1
Courtnay,Johnsson,19747366,Courtnay.Johnsson@college.harvard.edu,1
Julieta,Remmer,10462950,Julieta.Remmer@college.harvard.edu,1
Ariela,Robertson,14099607,Ariela.Robertson@college.harvard.edu,1
