Hope,Quent,16435294,Hope.Quent@college.harvard.edu,8
Madeleine,Stilwell,13502774,Madeleine.Stilwell@college.harvard.edu,8
Anthia,Blase,14657089,Anthia.Blase@college.harvard.edu,8
Chloris,Shaddock,14456015,Chloris.Shaddock@college.harvard.edu,8
Phedra,Lia,11868072,Phedra.Lia@college.harvard.edu,8
Melina,Jethro,15840321,Melina.Jethro@college.harvard.edu,8
Asia,Demitria,19103295,Asia.Demitria@college.harvard.edu,8
Robinia,Shirberg,15304763,Robinia.Shirberg@college.harvard.edu,8
Zia,Jillane,11583059,Zia.Jillane@college.harvard.edu,8
Lizzie,Brunell,11196935,Lizzie.Brunell@college.harvard.edu,8
Sophia,Lasley,14992235,Sophia.Lasley@college.harvard.edu,8
Merci,Ailyn,14009783,Merci.Ailyn@college.harvard.edu,8
Heddie,Newell,14364128,Heddie.Newell@college.harvard.edu,8
Helena,Zamora,12541094,Helena.Zamora@college.harvard.edu,8
Ivett,Marcellus,16350342,Ivett.Marcellus@college.harvard.edu,8
Linet,Rosette,17390813,Linet.Rosette@college.harvard.edu,8
Sallie,Beebe,12166088,Sallie.Beebe@college.harvard.edu,8
Alex,Clie,11202302,Alex.Clie@college.harvard.edu,8
Marjie,Tristram,18960145,Marjie.Tristram@college.harvard.edu,8
Maisey,Gilbertson,10211491,Maisey.Gilbertson@college.harvard.edu,8
Jobi,Gusella,15831002,Jobi.Gusella@college.harvard.edu,8
Sabina,Iiette,14909226,Sabina.Iiette@college.harvard.edu,8
Nelle,Cassius,12046452,Nelle.Cassius@college.harvard.edu,8
Neila,Haymes,16440834,Neila.Haymes@college.harvard.edu,8
Cindelyn,Joni,16161089,Cindelyn.Joni@college.harvard.edu,8
Ruthe,Dannye,17566782,Ruthe.Dannye@college.harvard.edu,8
Deedee,Stanwood,17175615,Deedee.Stanwood@college.harvard.edu,8
Rivalee,Willie,15107055,Rivalee.Willie@college.harvard.edu,8
Justinn,Mallon,18157448,Justinn.Mallon@college.harvard.edu,8
Corly,Stelle,13629300,Corly.Stelle@college.harvard.edu,8
Belinda,Iiette,13087109,Belinda.Iiette@college.harvard.edu,8
Linzy,Maribeth,18033621,Linzy.Maribeth@college.harvard.edu,8
Nariko,Sallyann,18953266,Nariko.Sallyann@college.harvard.edu,8
Minne,Thornburg,10037617,Minne.Thornburg@college.harvard.edu,8
Valeda,Fiester,14512673,Valeda.Fiester@college.harvard.edu,8
Fred,Stuart,16955982,Fred.Stuart@college.harvard.edu,8
Lesly,Serilda,14253166,Lesly.Serilda@college.harvard.edu,8
Anica,Yusuk,17348593,Anica.Yusuk@college.harvard.edu,8
Claudina,Eben,15516426,Claudina.Eben@college.harvard.edu,8
Josephine,Grosz,10004157,Josephine.Grosz@college.harvard.edu,8
Aaren,Timon,18630067,Aaren.Timon@college.harvard.edu,8
Brietta,Morgun,17641524,Brietta.Morgun@college.harvard.edu,8
Codie,Gregrory,15673708,Codie.Gregrory@college.harvard.edu,8
Jessy,Rodmann,11879077,Jessy.Rodmann@college.harvard.edu,8
Edyth,Nisbet,10370788,Edyth.Nisbet@college.harvard.edu,8
Sue,Arley,14858721,Sue.Arley@college.harvard.edu,8
Heddie,Drus,14151283,Heddie.Drus@college.harvard.edu,8
Wynne,Orpah,18984001,Wynne.Orpah@college.harvard.edu,8
Miquela,Koziara,17633129,Miquela.Koziara@college.harvard.edu,8
Sadie,Guildroy,13973494,Sadie.Guildroy@college.harvard.edu,8
Tracey,Kenney,12275100,Tracey.Kenney@college.harvard.edu,8
Charlena,Redmond,10221543,Charlena.Redmond@college.harvard.edu,8
Aeriela,Lanita,12740103,Aeriela.Lanita@college.harvard.edu,8
Vivia,Marden,17397965,Vivia.Marden@college.harvard.edu,8
Renie,Pettiford,11890478,Renie.Pettiford@college.harvard.edu,8
Flory,Raama,12275983,Flory.Raama@college.harvard.edu,8
Vanessa,Ogren,10174272,Vanessa.Ogren@college.harvard.edu,8
Xylina,Even,13230029,Xylina.Even@college.harvard.edu,8
Darlleen,Alcott,19099571,Darlleen.Alcott@college.harvard.edu,8
Sarette,Albertine,14845125,Sarette.Albertine@college.harvard.edu,8
Cassandra,Durante,19700216,Cassandra.Durante@college.harvard.edu,8
Yolane,Modie,11562119,Yolane.Modie@college.harvard.edu,8
Sybille,Valoniah,15672703,Sybille.Valoniah@college.harvard.edu,8
Myriam,Freddi,19696593,Myriam.Freddi@college.harvard.edu,8
Jenilee,Huggins,11353279,Jenilee.Huggins@college.harvard.edu,8
Monika,Gilbertson,11513013,Monika.Gilbertson@college.harvard.edu,8
Felice,Suk,13357726,Felice.Suk@college.harvard.edu,8
Marti,Martsen,13276653,Marti.Martsen@college.harvard.edu,8
Regina,Konyn,19542595,Regina.Konyn@college.harvard.edu,8
Christal,Cavan,17325343,Christal.Cavan@college.harvard.edu,8
Leanna,Kristi,13223277,Leanna.Kristi@college.harvard.edu,8
Addia,Lane,10567888,Addia.Lane@college.harvard.edu,8
Kary,Mozelle,16343712,Kary.Mozelle@college.harvard.edu,8
Danika,Lucienne,17678732,Danika.Lucienne@college.harvard.edu,8
Rosene,Harriman,18270990,Rosene.Harriman@college.harvard.edu,8
Sheree,Ezar,18273460,Sheree.Ezar@college.harvard.edu,8
Darci,Agle,18206648,Darci.Agle@college.harvard.edu,8
Aubrie,Bergman,16604704,Aubrie.Bergman@college.harvard.edu,8
Maisey,Cosenza,18204275,Maisey.Cosenza@college.harvard.edu,8
Kayla,Kravits,11655959,Kayla.Kravits@college.harvard.edu,8
Harrietta,Ursulette,14247405,Harrietta.Ursulette@college.harvard.edu,8
Calla,Braun,13285924,Calla.Braun@college.harvard.edu,8
Max,Carlson,14259569,Max.Carlson@college.harvard.edu,8
Ricky,Rebecka,15608353,Ricky.Rebecka@college.harvard.edu,8
Marita,Montgomery,19055511,Marita.Montgomery@college.harvard.edu,8
Paulita,Alejoa,13375162,Paulita.Alejoa@college.harvard.edu,8
Tabbatha,Dreda,18799150,Tabbatha.Dreda@college.harvard.edu,8
Joy,Niccolo,11570154,Joy.Niccolo@college.harvard.edu,8
Marcelline,Orpah,12368583,Marcelline.Orpah@college.harvard.edu,8
Latisha,Armanda,14740383,Latisha.Armanda@college.harvard.edu,8
Claudina,Pauly,15098675,Claudina.Pauly@college.harvard.edu,8
Cristabel,Garlinda,17429514,Cristabel.Garlinda@college.harvard.edu,8
Janis,Chandler,13382744,Janis.Chandler@college.harvard.edu,8
Gertrud,Shields,17950352,Gertrud.Shields@college.harvard.edu,8
Gabi,Rhu,18198334,Gabi.Rhu@college.harvard.edu,8
Kristan,Noman,10708953,Kristan.Noman@college.harvard.edu,8
Wanda,Minetta,10852699,Wanda.Minetta@college.harvard.edu,8
Almeta,Cullin,16172880,Almeta.Cullin@college.harvard.edu,8
Vere,Rona,17915729,Vere.Rona@college.harvard.edu,8
Alejandra,Jehu,19470574,Alejandra.Jehu@college.harvard.edu,8
Mady,Havens,14594162,Mady.Havens@college.harvard.edu,8
Kristan,Lilas,11749421,Kristan.Lilas@college.harvard.edu,8
Sibella,Carleen,13830984,Sibella.Carleen@college.harvard.edu,8
Kathi,Millda,15187822,Kathi.Millda@college.harvard.edu,8
Rosaline,Tiffa,16630925,Rosaline.Tiffa@college.harvard.edu,8
Heida,Ummersen,14631515,Heida.Ummersen@college.harvard.edu,8
Orelia,Poppy,18048799,Orelia.Poppy@college.harvard.edu,8
Katuscha,Darrell,14294305,Katuscha.Darrell@college.harvard.edu,8
Theodora,Codding,13131373,Theodora.Codding@college.harvard.edu,8
Annora,Mauer,14008654,Annora.Mauer@college.harvard.edu,8
Adele,Isidore,13627838,Adele.Isidore@college.harvard.edu,8
Estell,Magdalen,11074940,Estell.Magdalen@college.harvard.edu,8
Allis,Teryn,15453404,Allis.Teryn@college.harvard.edu,8
Hyacinthe,Brian,15118067,Hyacinthe.Brian@college.harvard.edu,8
Lonnie,Jorgan,13010571,Lonnie.Jorgan@college.harvard.edu,8
Latisha,Kermit,15723035,Latisha.Kermit@college.harvard.edu,8
Minne,Smitt,10510155,Minne.Smitt@college.harvard.edu,8
Jacquetta,Obed,10179542,Jacquetta.Obed@college.harvard.edu,8
Rayna,Fillbert,13150470,Rayna.Fillbert@college.harvard.edu,8
Maryellen,Durante,14111756,Maryellen.Durante@college.harvard.edu,8
Maurene,Ivens,15557984,Maurene.Ivens@college.harvard.edu,8
Gavrielle,Giff,10002596,Gavrielle.Giff@college.harvard.edu,8
Corly,Dash,19327013,Corly.Dash@college.harvard.edu,8
Leona,Raychel,19810764,Leona.Raychel@college.harvard.edu,8
Angela,Felizio,14256304,Angela.Felizio@college.harvard.edu,8
Gale,Shirberg,12853832,Gale.Shirberg@college.harvard.edu,8
Genevra,Tice,19054888,Genevra.Tice@college.harvard.edu,8
Larine,Ardra,12884046,Larine.Ardra@college.harvard.edu,8
Arabel,Leffen,13837190,Arabel.Leffen@college.harvard.edu,8
Lolita,Letsou,16031704,Lolita.Letsou@college.harvard.edu,8
Cherilyn,Lesley,10192776,Cherilyn.Lesley@college.harvard.edu,8
Noelle,Desai,15465784,Noelle.Desai@college.harvard.edu,8
Atlanta,Cornelia,13594129,Atlanta.Cornelia@college.harvard.edu,8
Bobinette,Bennie,13859484,Bobinette.Bennie@college.harvard.edu,8
Paule,Nunci,13114505,Paule.Nunci@college.harvard.edu,8
Susan,Granoff,18586304,Susan.Granoff@college.harvard.edu,8
Gusty,Roche,13328560,Gusty.Roche@college.harvard.edu,8
Briney,Fairweather,19201081,Briney.Fairweather@college.harvard.edu,8
Carly,Gregrory,11196802,Carly.Gregrory@college.harvard.edu,8
Rosabelle,Ortrude,10842716,Rosabelle.Ortrude@college.harvard.edu,8
Charissa,Kiersten,15314929,Charissa.Kiersten@college.harvard.edu,8
Carolina,Chobot,11395518,Carolina.Chobot@college.harvard.edu,8
Paule,Mehalek,19181706,Paule.Mehalek@college.harvard.edu,8
Elmira,Colleen,19595580,Elmira.Colleen@college.harvard.edu,8
Atlanta,Lanita,12339168,Atlanta.Lanita@college.harvard.edu,8
Binny,Ardra,18676033,Binny.Ardra@college.harvard.edu,8
Caritta,Adamsen,19690657,Caritta.Adamsen@college.harvard.edu,8
Nonnah,Peti,17140204,Nonnah.Peti@college.harvard.edu,8
Gloria,Cornelia,19880201,Gloria.Cornelia@college.harvard.edu,8
Rubie,Juan,12579933,Rubie.Juan@college.harvard.edu,8
Gianina,Mitzi,12312524,Gianina.Mitzi@college.harvard.edu,8
Addia,Jacobah,15984284,Addia.Jacobah@college.harvard.edu,8
Janenna,Nickola,16179366,Janenna.Nickola@college.harvard.edu,8
Esmeralda,Geffner,10847135,Esmeralda.Geffner@college.harvard.edu,8
Dolli,Damarra,17576421,Dolli.Damarra@college.harvard.edu,8
Brynna,Wesle,15661423,Brynna.Wesle@college.harvard.edu,8
Fernande,August,19752000,Fernande.August@college.harvard.edu,8
Frieda,Ardeha,10260823,Frieda.Ardeha@college.harvard.edu,8
Shaylyn,Demitria,13995873,Shaylyn.Demitria@college.harvard.edu,8
Karly,Whittaker,17377043,Karly.Whittaker@college.harvard.edu,8
Krystle,Nadia,12642540,Krystle.Nadia@college.harvard.edu,8
Lynnea,Margarete,12792989,Lynnea.Margarete@college.harvard.edu,8
Adele,Gaal,12531900,Adele.Gaal@college.harvard.edu,8
Giustina,Imelida,14146407,Giustina.Imelida@college.harvard.edu,8
Danika,Jotham,12449088,Danika.Jotham@college.harvard.edu,8
Devina,Shirberg,14575263,Devina.Shirberg@college.harvard.edu,8
Elena,Erskine,13191157,Elena.Erskine@college.harvard.edu,8
Winny,Weitman,13543075,Winny.Weitman@college.harvard.edu,8
Catrina,Hartnett,13896696,Catrina.Hartnett@college.harvard.edu,8
Dotty,Saunderson,13108660,Dotty.Saunderson@college.harvard.edu,8
Vere,Delila,12164288,Vere.Delila@college.harvard.edu,8
Fred,Oscar,11868156,Fred.Oscar@college.harvard.edu,8
Susan,Tamsky,10741571,Susan.Tamsky@college.harvard.edu,8
Daune,Torray,10765583,Daune.Torray@college.harvard.edu,8
Bernardine,Erminia,19143104,Bernardine.Erminia@college.harvard.edu,8
Latisha,Lowry,15627752,Latisha.Lowry@college.harvard.edu,8
Ursulina,Deny,13606343,Ursulina.Deny@college.harvard.edu,8
Dorothy,Pandolfi,19101916,Dorothy.Pandolfi@college.harvard.edu,8
Drucie,Abram,15790582,Drucie.Abram@college.harvard.edu,8
Barbara,Izaak,11720047,Barbara.Izaak@college.harvard.edu,8
Luci,Hartnett,14353282,Luci.Hartnett@college.harvard.edu,8
Aurore,Martsen,18671855,Aurore.Martsen@college.harvard.edu,8
Talya,Lynn,15487456,Talya.Lynn@college.harvard.edu,8
Concettina,Bohlin,13186776,Concettina.Bohlin@college.harvard.edu,8
Betta,Wallis,13059662,Betta.Wallis@college.harvard.edu,8
Courtnay,Johnsson,19747366,Courtnay.Johnsson@college.harvard.edu,8
Ekaterina,Donoghue,10558401,Ekaterina.Donoghue@college.harvard.edu,8
Joelly,Isacco,15612284,Joelly.Isacco@college.harvard.edu,8
Elka,Haldas,10629376,Elka.Haldas@college.harvard.edu,8
Shell,Phaidra,13136613,Shell.Phaidra@college.harvard.edu,8
Monika,Gilbertson,17032612,Monika.Gilbertson@college.harvard.edu,8
Charissa,Garrison,10164177,Charissa.Garrison@college.harvard.edu,8
Nita,Engdahl,12930901,Nita.Engdahl@college.harvard.edu,8
Angelique,Briney,14065940,Angelique.Briney@college.harvard.edu,8
Jeanna,Gordon,18251154,Jeanna.Gordon@college.harvard.edu,8
Lynea,Israeli,17410167,Lynea.Israeli@college.harvard.edu,8
Gilda,Brieta,11581271,Gilda.Brieta@college.harvard.edu,8
