Anthia,Blase,14657089,Anthia.Blase@college.harvard.edu,9
Misha,Tybald,15474105,Misha.Tybald@college.harvard.edu,9
Gusty,Merat,11280490,Gusty.Merat@college.harvard.edu,9
Emmey,Boehike,19456940,Emmey.Boehike@college.harvard.edu,9
Sharai,Meli,16097823,Sharai.Meli@college.harvard.edu,9
Mathilda,Urania,19811224,Mathilda.Urania@college.harvard.edu,9
Lauryn,Tamsky,14140421,Lauryn.Tamsky@college.harvard.edu,9
Gertrud,Abbot,18844206,Gertrud.Abbot@college.harvard.edu,9
Charlena,Nedrud,17314209,Charlena.Nedrud@college.harvard.edu,9
Charlena,Buffum,11578825,Charlena.Buffum@college.harvard.edu,9
Tobe,Emmy,18787384,Tobe.Emmy@college.harvard.edu,9
Misha,Cristi,12765233,Misha.Cristi@college.harvard.edu,9
Shandie,Wu,19974709,Shandie.Wu@college.harvard.edu,9
Ivett,Marcellus,16350342,Ivett.Marcellus@college.harvard.edu,9
Natka,Zenas,17293652,Natka.Zenas@college.harvard.edu,9
Jasmina,Wattenberg,18112106,Jasmina.Wattenberg@college.harvard.edu,9
Bettine,Norrie,19658917,Bettine.Norrie@college.harvard.edu,9
Nickie,Tatianas,10386375,Nickie.Tatianas@college.harvard.edu,9
Blondelle,Fink,12658378,Blondelle.Fink@college.harvard.edu,9
Sallie,Beebe,12166088,Sallie.Beebe@college.harvard.edu,9
Blake,Arathorn,18718806,Blake.Arathorn@college.harvard.edu,9
Alleen,Rosemary,10161183,Alleen.Rosemary@college.harvard.edu,9
Cindelyn,Joni,16161089,Cindelyn.Joni@college.harvard.edu,9
Bibby,Halsey,19785346,Bibby.Halsey@college.harvard.edu,9
Ekaterina,Salvidor,15037295,Ekaterina.Salvidor@college.harvard.edu,9
Bobinette,Matthew,15380655,Bobinette.Matthew@college.harvard.edu,9
Brandise,Delila,11340377,Brandise.Delila@college.harvard.edu,9
Rosabelle,Lymann,12009571,Rosabelle.Lymann@college.harvard.edu,9
Kamilah,Margret,14691040,Kamilah.Margret@college.harvard.edu,9
Evita,Vary,14410079,Evita.Vary@college.harvard.edu,9
Anallese,Goth,17927182,Anallese.Goth@college.harvard.edu,9
Hildegaard,Dearborn,16787469,Hildegaard.Dearborn@college.harvard.edu,9
Briney,Hoban,17562479,Briney.Hoban@college.harvard.edu,9
Reeba,Anyah,13425993,Reeba.Anyah@college.harvard.edu,9
Iseabal,Bashemeth,17926064,Iseabal.Bashemeth@college.harvard.edu,9
Aigneis,Craggie,12628083,Aigneis.Craggie@college.harvard.edu,9
Cristabel,Cadmar,14805294,Cristabel.Cadmar@college.harvard.edu,9
Briney,Means,19899421,Briney.Means@college.harvard.edu,9
Marjie,Johanna,16153602,Marjie.Johanna@college.harvard.edu,9
Therine,Durante,11377390,Therine.Durante@college.harvard.edu,9
Vanessa,Ardra,15201110,Vanessa.Ardra@college.harvard.edu,9
Shauna,Nedrud,17787736,Shauna.Nedrud@college.harvard.edu,9
Ann-Marie,Sherfield,12584791,Ann-Marie.Sherfield@college.harvard.edu,9
Charlena,Redmond,10221543,Charlena.Redmond@college.harvard.edu,9
Clarice,Constancy,18401177,Clarice.Constancy@college.harvard.edu,9
Darlleen,Alcott,19099571,Darlleen.Alcott@college.harvard.edu,9
Sissy,Anestassia,10159636,Sissy.Anestassia@college.harvard.edu,9
Bettine,Center,10020605,Bettine.Center@college.harvard.edu,9
Raf,Strephon,10878788,Raf.Strephon@college.harvard.edu,9
Elbertina,Clara,11249526,Elbertina.Clara@college.harvard.edu,9
Katharina,Wu,12200428,Katharina.Wu@college.harvard.edu,9
Jessy,Andrel,12427820,Jessy.Andrel@college.harvard.edu,9
Cacilie,Raama,11811983,Cacilie.Raama@college.harvard.edu,9
Marti,Martsen,13276653,Marti.Martsen@college.harvard.edu,9
Kary,Mozelle,16343712,Kary.Mozelle@college.harvard.edu,9
Marcy,Sisile,14867222,Marcy.Sisile@college.harvard.edu,9
Cristabel,Pierette,17574869,Cristabel.Pierette@college.harvard.edu,9
Petronia,Euridice,13842596,Petronia.Euridice@college.harvard.edu,9
Rosene,Harriman,18270990,Rosene.Harriman@college.harvard.edu,9
Darci,Agle,18206648,Darci.Agle@college.harvard.edu,9
Eadie,Monaco,15882522,Eadie.Monaco@college.harvard.edu,9
Rhea,Lareena,13183831,Rhea.Lareena@college.harvard.edu,9
Inga,Carolin,15799566,Inga.Carolin@college.harvard.edu,9
Helena,Anis,12352279,Helena.Anis@college.harvard.edu,9
Ofilia,Llovera,11279515,Ofilia.Llovera@college.harvard.edu,9
Melina,Wattenberg,18382813,Melina.Wattenberg@college.harvard.edu,9
Kaia,Cimbura,14289169,Kaia.Cimbura@college.harvard.edu,9
Asia,Genna,17975266,Asia.Genna@college.harvard.edu,9
Tamqrah,Dichy,13443411,Tamqrah.Dichy@college.harvard.edu,9
Stephanie,Moseley,13231539,Stephanie.Moseley@college.harvard.edu,9
Rosabelle,Virgin,19883934,Rosabelle.Virgin@college.harvard.edu,9
Shaylyn,Glovsky,16495897,Shaylyn.Glovsky@college.harvard.edu,9
Anica,Joachim,15398080,Anica.Joachim@college.harvard.edu,9
Hope,Giule,15270165,Hope.Giule@college.harvard.edu,9
Olwen,Dorothy,11412381,Olwen.Dorothy@college.harvard.edu,9
Jobi,Fitzsimmons,10962986,Jobi.Fitzsimmons@college.harvard.edu,9
Marika,Stanwood,13383841,Marika.Stanwood@college.harvard.edu,9
Sara-Ann,Stav,11821726,Sara-Ann.Stav@college.harvard.edu,9
Bettine,Ashok,18828673,Bettine.Ashok@college.harvard.edu,9
Kial,Eugenia,14817356,Kial.Eugenia@college.harvard.edu,9
Valli,Kolnick,17789823,Valli.Kolnick@college.harvard.edu,9
Melanie,Sheedy,11825993,Melanie.Sheedy@college.harvard.edu,9
Joleen,Valerio,15063695,Joleen.Valerio@college.harvard.edu,9
Mamie,Lumbard,15109809,Mamie.Lumbard@college.harvard.edu,9
Aigneis,Hessler,15059379,Aigneis.Hessler@college.harvard.edu,9
Ashlee,Ader,15219066,Ashlee.Ader@college.harvard.edu,9
Hyacinthe,Mallon,14916847,Hyacinthe.Mallon@college.harvard.edu,9
Kristan,Lilas,11749421,Kristan.Lilas@college.harvard.edu,9
Carly,Ehrman,15917292,Carly.Ehrman@college.harvard.edu,9
Ivett,Emanuel,11962219,Ivett.Emanuel@college.harvard.edu,9
Jan,Wesle,19002734,Jan.Wesle@college.harvard.edu,9
Carolina,Pacorro,16629153,Carolina.Pacorro@college.harvard.edu,9
Arlina,Killigrew,13493162,Arlina.Killigrew@college.harvard.edu,9
Elka,Greyson,17937475,Elka.Greyson@college.harvard.edu,9
Almeta,Tayib,15324142,Almeta.Tayib@college.harvard.edu,9
Lonnie,Jorgan,13010571,Lonnie.Jorgan@college.harvard.edu,9
Bobinette,Nickola,14457328,Bobinette.Nickola@college.harvard.edu,9
Kirbee,Lenny,17133221,Kirbee.Lenny@college.harvard.edu,9
Max,Means,14199348,Max.Means@college.harvard.edu,9
Maurene,Ivens,15557984,Maurene.Ivens@college.harvard.edu,9
Blondelle,Lymann,15242351,Blondelle.Lymann@college.harvard.edu,9
Gavrielle,Giff,10002596,Gavrielle.Giff@college.harvard.edu,9
Karina,Serilda,11976006,Karina.Serilda@college.harvard.edu,9
Estell,Birdella,15393495,Estell.Birdella@college.harvard.edu,9
Emelina,Yam,11046599,Emelina.Yam@college.harvard.edu,9
Konstance,Delacourt,18649434,Konstance.Delacourt@college.harvard.edu,9
Emilia,Fitzsimmons,17806817,Emilia.Fitzsimmons@college.harvard.edu,9
Katharina,Eugenia,17461239,Katharina.Eugenia@college.harvard.edu,9
Arlina,Erich,18659871,Arlina.Erich@college.harvard.edu,9
Doro,Gilmour,17614378,Doro.Gilmour@college.harvard.edu,9
Elmira,Even,18578754,Elmira.Even@college.harvard.edu,9
Cacilie,Goerke,16907174,Cacilie.Goerke@college.harvard.edu,9
Fernande,August,19752000,Fernande.August@college.harvard.edu,9
Jemie,Calhoun,19660768,Jemie.Calhoun@college.harvard.edu,9
Brana,Concha,12564036,Brana.Concha@college.harvard.edu,9
Taffy,Maryanne,14927666,Taffy.Maryanne@college.harvard.edu,9
Kore,Elisha,18360260,Kore.Elisha@college.harvard.edu,9
Lonnie,Vernier,18588606,Lonnie.Vernier@college.harvard.edu,9
Meriel,Howlyn,11602393,Meriel.Howlyn@college.harvard.edu,9
Christal,Buttaro,19420308,Christal.Buttaro@college.harvard.edu,9
Esmeralda,Ammann,10726172,Esmeralda.Ammann@college.harvard.edu,9
Sashenka,Voletta,19458733,Sashenka.Voletta@college.harvard.edu,9
Sophia,Ajay,19047058,Sophia.Ajay@college.harvard.edu,9
Sandie,Maples,11410017,Sandie.Maples@college.harvard.edu,9
Zondra,Kinnard,16018071,Zondra.Kinnard@college.harvard.edu,9
Catharine,Gaal,10492544,Catharine.Gaal@college.harvard.edu,9
Korrie,Pond,19067980,Korrie.Pond@college.harvard.edu,9
Vonny,Ackerley,17664827,Vonny.Ackerley@college.harvard.edu,9
Vivia,Bluh,10164273,Vivia.Bluh@college.harvard.edu,9
Kary,Mike,13717657,Kary.Mike@college.harvard.edu,9
Dania,Tremayne,11465485,Dania.Tremayne@college.harvard.edu,9
Maridel,Solitta,14053804,Maridel.Solitta@college.harvard.edu,9
Blondelle,Stuart,12665888,Blondelle.Stuart@college.harvard.edu,9
Gerianna,My,12329350,Gerianna.My@college.harvard.edu,9
Ginnie,Gunn,15626505,Ginnie.Gunn@college.harvard.edu,9
Marti,Maisey,17171855,Marti.Maisey@college.harvard.edu,9
Brietta,Allina,19861051,Brietta.Allina@college.harvard.edu,9
Priscilla,Atcliffe,10738212,Priscilla.Atcliffe@college.harvard.edu,9
Dagmar,Ralfston,12534837,Dagmar.Ralfston@college.harvard.edu,9
Bobinette,Gale,16366790,Bobinette.Gale@college.harvard.edu,9
Pollyanna,Paton,15252559,Pollyanna.Paton@college.harvard.edu,9
Carly,Danby,19758688,Carly.Danby@college.harvard.edu,9
Cathie,Bettine,12998855,Cathie.Bettine@college.harvard.edu,9
Noelle,Mozelle,12677312,Noelle.Mozelle@college.harvard.edu,9
Annecorinne,Cecile,13506041,Annecorinne.Cecile@college.harvard.edu,9
Ayn,Yuille,14836415,Ayn.Yuille@college.harvard.edu,9
Dyann,Martguerita,11819882,Dyann.Martguerita@college.harvard.edu,9
