Inga,Bow,15657083,Inga.Bow@college.harvard.edu,9
Averyl,Dorine,18551575,Averyl.Dorine@college.harvard.edu,9
Jenda,Diann,15279072,Jenda.Diann@college.harvard.edu,9
Christy,Iiette,13392284,Christy.Iiette@college.harvard.edu,9
Keelia,Tippets,18861408,Keelia.Tippets@college.harvard.edu,9
Laurene,Daniele,19854135,Laurene.Daniele@college.harvard.edu,9
Misha,Tengdin,12095147,Misha.Tengdin@college.harvard.edu,9
Frances,Joni,10462931,Frances.Joni@college.harvard.edu,9
Raf,Sprage,15721990,Raf.Sprage@college.harvard.edu,9
Bettine,Norrie,19658917,Bettine.Norrie@college.harvard.edu,9
Julieta,Sheng,14858247,Julieta.Sheng@college.harvard.edu,9
Claudina,Artie,14132861,Claudina.Artie@college.harvard.edu,9
Dione,Rad,17225979,Dione.Rad@college.harvard.edu,9
Kaja,Mike,15552390,Kaja.Mike@college.harvard.edu,9
Cissiee,Ehrman,16000436,Cissiee.Ehrman@college.harvard.edu,9
Albertina,Peg,16155043,Albertina.Peg@college.harvard.edu,9
Lorenza,Dearborn,18290415,Lorenza.Dearborn@college.harvard.edu,9
Lila,Shanley,12740931,Lila.Shanley@college.harvard.edu,9
Ekaterina,Salvidor,15037295,Ekaterina.Salvidor@college.harvard.edu,9
Vevay,Sancho,15364919,Vevay.Sancho@college.harvard.edu,9
Cissiee,Emmy,12260660,Cissiee.Emmy@college.harvard.edu,9
Roberta,Truc,10732636,Roberta.Truc@college.harvard.edu,9
Belva,Hylan,15664126,Belva.Hylan@college.harvard.edu,9
Rosabelle,Haerr,14713897,Rosabelle.Haerr@college.harvard.edu,9
Zaria,Hollingsworth,18200710,Zaria.Hollingsworth@college.harvard.edu,9
Camile,Noelyn,15734485,Camile.Noelyn@college.harvard.edu,9
Claresta,Chrystel,18203756,Claresta.Chrystel@college.harvard.edu,9
Beverley,Wooster,12413095,Beverley.Wooster@college.harvard.edu,9
Lila,Bergman,18979745,Lila.Bergman@college.harvard.edu,9
Molli,Belldas,17872710,Molli.Belldas@college.harvard.edu,9
Melisent,Xerxes,15057567,Melisent.Xerxes@college.harvard.edu,9
Cam,Roumell,16349829,Cam.Roumell@college.harvard.edu,9
Bertine,Viddah,15471520,Bertine.Viddah@college.harvard.edu,9
Mady,Ferrell,13518774,Mady.Ferrell@college.harvard.edu,9
Shauna,Nedrud,17787736,Shauna.Nedrud@college.harvard.edu,9
Mara,Alva,19709563,Mara.Alva@college.harvard.edu,9
Emylee,Felecia,19931607,Emylee.Felecia@college.harvard.edu,9
Florencia,Marlie,11345702,Florencia.Marlie@college.harvard.edu,9
Dede,Vanni,11772048,Dede.Vanni@college.harvard.edu,9
Jennica,Carleen,14124106,Jennica.Carleen@college.harvard.edu,9
Corina,Khorma,18801221,Corina.Khorma@college.harvard.edu,9
Amelia,Westphal,18233684,Amelia.Westphal@college.harvard.edu,9
Ginnie,Shelba,17277163,Ginnie.Shelba@college.harvard.edu,9
Drucie,Karylin,18703631,Drucie.Karylin@college.harvard.edu,9
Rani,Suk,18378409,Rani.Suk@college.harvard.edu,9
Dulcinea,Erskine,10629135,Dulcinea.Erskine@college.harvard.edu,9
Raquela,Chaing,19614740,Raquela.Chaing@college.harvard.edu,9
Katharina,Wu,12200428,Katharina.Wu@college.harvard.edu,9
Annecorinne,Vacuva,12371132,Annecorinne.Vacuva@college.harvard.edu,9
Elie,Dearborn,15995500,Elie.Dearborn@college.harvard.edu,9
Etta,Bord,14688086,Etta.Bord@college.harvard.edu,9
Dennie,Dearborn,15183255,Dennie.Dearborn@college.harvard.edu,9
Lily,Peti,18072190,Lily.Peti@college.harvard.edu,9
Doro,Gaulin,10773417,Doro.Gaulin@college.harvard.edu,9
Mara,Armanda,14824470,Mara.Armanda@college.harvard.edu,9
Goldie,Chaing,15047337,Goldie.Chaing@college.harvard.edu,9
Merry,Nerita,11348526,Merry.Nerita@college.harvard.edu,9
Averyl,Wind,10748159,Averyl.Wind@college.harvard.edu,9
Elora,Sundin,19600495,Elora.Sundin@college.harvard.edu,9
Cyb,Dalli,12315198,Cyb.Dalli@college.harvard.edu,9
Leia,Peg,10541191,Leia.Peg@college.harvard.edu,9
Elbertina,Whiffen,16091423,Elbertina.Whiffen@college.harvard.edu,9
Dennie,Roche,18278804,Dennie.Roche@college.harvard.edu,9
Dacia,Gaulin,18459983,Dacia.Gaulin@college.harvard.edu,9
Ursulina,Rurik,16352190,Ursulina.Rurik@college.harvard.edu,9
Camile,Blake,13873764,Camile.Blake@college.harvard.edu,9
Elie,Braun,15852691,Elie.Braun@college.harvard.edu,9
Tobe,Sawtelle,11512037,Tobe.Sawtelle@college.harvard.edu,9
Clo,Bohlin,17435892,Clo.Bohlin@college.harvard.edu,9
Pamella,LaRue,16359178,Pamella.LaRue@college.harvard.edu,9
Olwen,Dorothy,11412381,Olwen.Dorothy@college.harvard.edu,9
Betta,Naashom,19879757,Betta.Naashom@college.harvard.edu,9
Nessie,Carolin,13598935,Nessie.Carolin@college.harvard.edu,9
Gusty,Ramona,17207025,Gusty.Ramona@college.harvard.edu,9
Moyna,Suanne,12365512,Moyna.Suanne@college.harvard.edu,9
Shandie,Daegal,16683798,Shandie.Daegal@college.harvard.edu,9
Konstance,Saree,14549180,Konstance.Saree@college.harvard.edu,9
Elise,Brenn,19168815,Elise.Brenn@college.harvard.edu,9
Kathy,Lea,11961180,Kathy.Lea@college.harvard.edu,9
Olwen,Alarise,13646043,Olwen.Alarise@college.harvard.edu,9
Kristan,Warthman,19397944,Kristan.Warthman@college.harvard.edu,9
Elyssa,Linehan,19552669,Elyssa.Linehan@college.harvard.edu,9
Bibby,Lowry,14671785,Bibby.Lowry@college.harvard.edu,9
Taffy,Tannie,12091752,Taffy.Tannie@college.harvard.edu,9
Hermione,Virgin,15598950,Hermione.Virgin@college.harvard.edu,9
Camile,Ciro,18579615,Camile.Ciro@college.harvard.edu,9
Meghann,McGrody,12153041,Meghann.McGrody@college.harvard.edu,9
Jemie,Abbot,18958721,Jemie.Abbot@college.harvard.edu,9
Kenna,Devlen,18048791,Kenna.Devlen@college.harvard.edu,9
Grier,Denis,15402532,Grier.Denis@college.harvard.edu,9
Belva,Even,16032558,Belva.Even@college.harvard.edu,9
Diena,Raama,17544865,Diena.Raama@college.harvard.edu,9
Pierette,Toni,15272379,Pierette.Toni@college.harvard.edu,9
Ariela,Pyle,10042545,Ariela.Pyle@college.harvard.edu,9
Sophia,Howlyn,16896287,Sophia.Howlyn@college.harvard.edu,9
Mary,Halla,16390221,Mary.Halla@college.harvard.edu,9
Merci,Nisbet,11234062,Merci.Nisbet@college.harvard.edu,9
Adelle,Kiyoshi,16519622,Adelle.Kiyoshi@college.harvard.edu,9
Roxane,Grimbly,19307861,Roxane.Grimbly@college.harvard.edu,9
Max,Means,14199348,Max.Means@college.harvard.edu,9
Johna,Eiser,14713629,Johna.Eiser@college.harvard.edu,9
Pierette,Belanger,17820258,Pierette.Belanger@college.harvard.edu,9
Sidoney,Madelene,16140860,Sidoney.Madelene@college.harvard.edu,9
Danika,Ochs,10456197,Danika.Ochs@college.harvard.edu,9
Tracey,Cohdwell,11374641,Tracey.Cohdwell@college.harvard.edu,9
Vita,Winnick,13969592,Vita.Winnick@college.harvard.edu,9
Frieda,Ellord,19423141,Frieda.Ellord@college.harvard.edu,9
Rosanne,Ajay,16461573,Rosanne.Ajay@college.harvard.edu,9
Violet,Ursulette,10169386,Violet.Ursulette@college.harvard.edu,9
Aigneis,Halla,12008990,Aigneis.Halla@college.harvard.edu,9
Hyacinthe,Kathie,19515566,Hyacinthe.Kathie@college.harvard.edu,9
Thalia,Hull,12070102,Thalia.Hull@college.harvard.edu,9
Hannis,Sprage,18680394,Hannis.Sprage@college.harvard.edu,9
Aurelie,Cookie,11399472,Aurelie.Cookie@college.harvard.edu,9
Laure,Destinee,13016701,Laure.Destinee@college.harvard.edu,9
Sophia,Justinn,19294813,Sophia.Justinn@college.harvard.edu,9
Cherilyn,Stav,14011216,Cherilyn.Stav@college.harvard.edu,9
Feliza,Ursulette,16147570,Feliza.Ursulette@college.harvard.edu,9
Carol-Jean,Carey,12701460,Carol-Jean.Carey@college.harvard.edu,9
Elora,Kussell,14592414,Elora.Kussell@college.harvard.edu,9
Kamilah,Goerke,17125099,Kamilah.Goerke@college.harvard.edu,9
Kylynn,Plato,18464685,Kylynn.Plato@college.harvard.edu,9
Kelly,Anyah,18523066,Kelly.Anyah@college.harvard.edu,9
Keelia,Berard,16932321,Keelia.Berard@college.harvard.edu,9
Aili,Jary,11802273,Aili.Jary@college.harvard.edu,9
Jany,Greenwald,14945773,Jany.Greenwald@college.harvard.edu,9
Lorenza,Catie,19671469,Lorenza.Catie@college.harvard.edu,9
Courtnay,Erminia,13321519,Courtnay.Erminia@college.harvard.edu,9
Vanessa,Tayib,13596624,Vanessa.Tayib@college.harvard.edu,9
Aaren,Shanley,15283874,Aaren.Shanley@college.harvard.edu,9
Rosaline,Kirstin,15998034,Rosaline.Kirstin@college.harvard.edu,9
Linzy,Karl,12725193,Linzy.Karl@college.harvard.edu,9
Marsiella,Darian,19849260,Marsiella.Darian@college.harvard.edu,9
Christy,Ellord,13411966,Christy.Ellord@college.harvard.edu,9
Jan,Gaynor,14060128,Jan.Gaynor@college.harvard.edu,9
Charissa,Delila,11952173,Charissa.Delila@college.harvard.edu,9
Annabela,Kirbee,16716633,Annabela.Kirbee@college.harvard.edu,9
Desirae,Travax,14312803,Desirae.Travax@college.harvard.edu,9
Korrie,Pond,19067980,Korrie.Pond@college.harvard.edu,9
Sara-Ann,Wittie,19478760,Sara-Ann.Wittie@college.harvard.edu,9
Aaren,Ashely,12020784,Aaren.Ashely@college.harvard.edu,9
Therine,Radu,12583896,Therine.Radu@college.harvard.edu,9
Elmira,Helve,12044802,Elmira.Helve@college.harvard.edu,9
Olivette,Rooney,12858263,Olivette.Rooney@college.harvard.edu,9
Jerry,Duwalt,13663804,Jerry.Duwalt@college.harvard.edu,9
Caryl,Rustice,16521803,Caryl.Rustice@college.harvard.edu,9
Ruthe,Malvino,10021515,Ruthe.Malvino@college.harvard.edu,9
Maridel,Solitta,14053804,Maridel.Solitta@college.harvard.edu,9
Aigneis,Michella,19558498,Aigneis.Michella@college.harvard.edu,9
Blondelle,Stuart,12665888,Blondelle.Stuart@college.harvard.edu,9
Dulce,Mathilde,10583438,Dulce.Mathilde@college.harvard.edu,9
Catrina,Honoria,10506474,Catrina.Honoria@college.harvard.edu,9
Kristina,Roscoe,17390121,Kristina.Roscoe@college.harvard.edu,9
Merry,Drus,12392296,Merry.Drus@college.harvard.edu,9
Zondra,Shaddock,10782217,Zondra.Shaddock@college.harvard.edu,9
Bee,Mallon,13634956,Bee.Mallon@college.harvard.edu,9
Dawn,Kunin,12977263,Dawn.Kunin@college.harvard.edu,9
Emmey,Rona,15608509,Emmey.Rona@college.harvard.edu,9
Ida,Wilkinson,17300062,Ida.Wilkinson@college.harvard.edu,9
Alia,Audly,11579133,Alia.Audly@college.harvard.edu,9
Ursulina,Charmine,17843792,Ursulina.Charmine@college.harvard.edu,9
Aryn,Yerkovich,14900582,Aryn.Yerkovich@college.harvard.edu,9
Allyce,Rozanna,14944069,Allyce.Rozanna@college.harvard.edu,9
Kamilah,Dex,17490516,Kamilah.Dex@college.harvard.edu,9
Charlena,Curren,14208326,Charlena.Curren@college.harvard.edu,9
