Cristabel,Audly,19191289,Cristabel.Audly@college.harvard.edu,10
Roberta,Ingra,11936833,Roberta.Ingra@college.harvard.edu,10
Gusty,Merat,11280490,Gusty.Merat@college.harvard.edu,10
Aryn,Hanleigh,19408239,Aryn.Hanleigh@college.harvard.edu,10
Melina,Elsinore,13761016,Melina.Elsinore@college.harvard.edu,10
Penelopa,Harned,16443115,Penelopa.Harned@college.harvard.edu,10
Isa,Suanne,10263083,Isa.Suanne@college.harvard.edu,10
Dorene,Jalbert,17402190,Dorene.Jalbert@college.harvard.edu,10
Luci,Dulciana,17658485,Luci.Dulciana@college.harvard.edu,10
Yolane,Thomasina,13353635,Yolane.Thomasina@college.harvard.edu,10
Belva,Wenoa,13029453,Belva.Wenoa@college.harvard.edu,10
Dania,Boycey,11614816,Dania.Boycey@college.harvard.edu,10
Agathe,Maribeth,10512634,Agathe.Maribeth@college.harvard.edu,10
Kayla,Roumell,16667305,Kayla.Roumell@college.harvard.edu,10
Daune,Lewes,13258951,Daune.Lewes@college.harvard.edu,10
Odessa,Ricarda,14005932,Odessa.Ricarda@college.harvard.edu,10
Olivette,Sprage,12803689,Olivette.Sprage@college.harvard.edu,10
Kylynn,Garbe,11890866,Kylynn.Garbe@college.harvard.edu,10
Sara-Ann,Leopold,14818968,Sara-Ann.Leopold@college.harvard.edu,10
Xylina,Yorick,18703690,Xylina.Yorick@college.harvard.edu,10
Raf,Alice,14741315,Raf.Alice@college.harvard.edu,10
Paola,Burnside,16692120,Paola.Burnside@college.harvard.edu,10
Chastity,Sabella,13299610,Chastity.Sabella@college.harvard.edu,10
Starla,Koehler,12057217,Starla.Koehler@college.harvard.edu,10
Charlena,Saint,18206509,Charlena.Saint@college.harvard.edu,10
Jerry,Adamsen,13635100,Jerry.Adamsen@college.harvard.edu,10
Bibby,Lissi,16096602,Bibby.Lissi@college.harvard.edu,10
Alia,Wenoa,13934131,Alia.Wenoa@college.harvard.edu,10
Carol-Jean,Eno,15376129,Carol-Jean.Eno@college.harvard.edu,10
Joelly,O'Carroll,14035190,Joelly.O'Carroll@college.harvard.edu,10
Ivett,Rona,19991106,Ivett.Rona@college.harvard.edu,10
Zondra,Kathie,19999567,Zondra.Kathie@college.harvard.edu,10
Kamilah,Margret,14691040,Kamilah.Margret@college.harvard.edu,10
Rhoda,Mathilde,11529282,Rhoda.Mathilde@college.harvard.edu,10
Caryl,Gabrielli,11664492,Caryl.Gabrielli@college.harvard.edu,10
Riannon,Redmond,19596885,Riannon.Redmond@college.harvard.edu,10
Luci,Corabella,17742824,Luci.Corabella@college.harvard.edu,10
Lacie,Velick,16440009,Lacie.Velick@college.harvard.edu,10
Ida,Linehan,18798588,Ida.Linehan@college.harvard.edu,10
Krystle,Vins,16731455,Krystle.Vins@college.harvard.edu,10
Carmencita,Mullane,10923218,Carmencita.Mullane@college.harvard.edu,10
Malina,Seligman,10541114,Malina.Seligman@college.harvard.edu,10
Adelle,Wandie,17206590,Adelle.Wandie@college.harvard.edu,10
Cordi,Nester,15385272,Cordi.Nester@college.harvard.edu,10
Genevra,Pulsifer,18354386,Genevra.Pulsifer@college.harvard.edu,10
Elfreda,Roarke,17265644,Elfreda.Roarke@college.harvard.edu,10
Alameda,Pozzy,11272947,Alameda.Pozzy@college.harvard.edu,10
Shandie,Kronfeld,16293724,Shandie.Kronfeld@college.harvard.edu,10
Kayla,Kaete,11745772,Kayla.Kaete@college.harvard.edu,10
Vanessa,Baptlsta,17907239,Vanessa.Baptlsta@college.harvard.edu,10
Kalina,Byrne,16172206,Kalina.Byrne@college.harvard.edu,10
Tierney,Wu,19390579,Tierney.Wu@college.harvard.edu,10
Kial,Mott,15236360,Kial.Mott@college.harvard.edu,10
Vere,Gibbeon,19183260,Vere.Gibbeon@college.harvard.edu,10
Dianemarie,Naashom,15387105,Dianemarie.Naashom@college.harvard.edu,10
Cindelyn,Jobi,13147912,Cindelyn.Jobi@college.harvard.edu,10
Audrie,Smitt,18043967,Audrie.Smitt@college.harvard.edu,10
Pierette,Sperling,18151935,Pierette.Sperling@college.harvard.edu,10
Kaia,Lesley,19768676,Kaia.Lesley@college.harvard.edu,10
Joelly,Gaynor,19662517,Joelly.Gaynor@college.harvard.edu,10
Lauryn,Malanie,15823237,Lauryn.Malanie@college.harvard.edu,10
Olwen,Gualtiero,15683100,Olwen.Gualtiero@college.harvard.edu,10
Roz,Kendrick,14379726,Roz.Kendrick@college.harvard.edu,10
Joelly,Bury,17026673,Joelly.Bury@college.harvard.edu,10
Nelle,Toffic,19817961,Nelle.Toffic@college.harvard.edu,10
Lita,Tarrant,11960175,Lita.Tarrant@college.harvard.edu,10
Rhoda,Kronfeld,17953085,Rhoda.Kronfeld@college.harvard.edu,10
Dari,Hutchison,11004374,Dari.Hutchison@college.harvard.edu,10
Arabel,O'Rourke,18821432,Arabel.O'Rourke@college.harvard.edu,10
Annora,Luhe,15735964,Annora.Luhe@college.harvard.edu,10
Courtnay,Maribeth,17165659,Courtnay.Maribeth@college.harvard.edu,10
Ellette,Smitt,17830000,Ellette.Smitt@college.harvard.edu,10
Bill,Whittaker,17190889,Bill.Whittaker@college.harvard.edu,10
Helsa,Haymes,17757959,Helsa.Haymes@college.harvard.edu,10
Marika,Stanwood,13383841,Marika.Stanwood@college.harvard.edu,10
Romona,Calhoun,14938737,Romona.Calhoun@college.harvard.edu,10
Kial,Eugenia,14817356,Kial.Eugenia@college.harvard.edu,10
Melanie,Hirsch,11238922,Melanie.Hirsch@college.harvard.edu,10
Orelia,Byrne,17973940,Orelia.Byrne@college.harvard.edu,10
Jolyn,Avi,17367646,Jolyn.Avi@college.harvard.edu,10
Mamie,Lumbard,15109809,Mamie.Lumbard@college.harvard.edu,10
Fanchon,Hurley,10431961,Fanchon.Hurley@college.harvard.edu,10
Nannie,Guthrie,10524332,Nannie.Guthrie@college.harvard.edu,10
Grier,Artie,12204827,Grier.Artie@college.harvard.edu,10
Dolli,Cordi,11469644,Dolli.Cordi@college.harvard.edu,10
Lynde,Mathilde,19140405,Lynde.Mathilde@college.harvard.edu,10
Margette,Izaak,14666115,Margette.Izaak@college.harvard.edu,10
Letizia,Carlson,12333137,Letizia.Carlson@college.harvard.edu,10
Kore,Dreda,11901674,Kore.Dreda@college.harvard.edu,10
Britni,Ambrosia,16687023,Britni.Ambrosia@college.harvard.edu,10
Basia,Tamar,16679035,Basia.Tamar@college.harvard.edu,10
Jan,Wesle,19002734,Jan.Wesle@college.harvard.edu,10
Gavrielle,Rustice,16139691,Gavrielle.Rustice@college.harvard.edu,10
Linet,Scammon,13208799,Linet.Scammon@college.harvard.edu,10
Rochette,Evangelia,11486913,Rochette.Evangelia@college.harvard.edu,10
Lorne,Jorgan,12556706,Lorne.Jorgan@college.harvard.edu,10
Nita,Hunfredo,19827136,Nita.Hunfredo@college.harvard.edu,10
Ursulina,Sandye,13713468,Ursulina.Sandye@college.harvard.edu,10
Hollie,Publia,13455091,Hollie.Publia@college.harvard.edu,10
Melisent,Danby,17656632,Melisent.Danby@college.harvard.edu,10
Konstance,Berl,10749924,Konstance.Berl@college.harvard.edu,10
Bernie,Hylan,13525769,Bernie.Hylan@college.harvard.edu,10
Pierette,Othilia,18189491,Pierette.Othilia@college.harvard.edu,10
Monika,Anton,10999000,Monika.Anton@college.harvard.edu,10
Collen,Ferrell,17057825,Collen.Ferrell@college.harvard.edu,10
Hyacinthe,Drus,14118264,Hyacinthe.Drus@college.harvard.edu,10
Claresta,Braun,15228995,Claresta.Braun@college.harvard.edu,10
Mahalia,Margret,10723368,Mahalia.Margret@college.harvard.edu,10
Claudina,Clarissa,15184049,Claudina.Clarissa@college.harvard.edu,10
Janey,Anselmi,11096319,Janey.Anselmi@college.harvard.edu,10
Marsiella,Amadas,19883735,Marsiella.Amadas@college.harvard.edu,10
Jeanna,Sothena,12179921,Jeanna.Sothena@college.harvard.edu,10
Cristine,Pond,16467043,Cristine.Pond@college.harvard.edu,10
Fernande,Garlinda,14571916,Fernande.Garlinda@college.harvard.edu,10
Dulce,Vernier,16509370,Dulce.Vernier@college.harvard.edu,10
Agathe,Teryn,14948498,Agathe.Teryn@college.harvard.edu,10
Alleen,Norvol,11985200,Alleen.Norvol@college.harvard.edu,10
Demetris,Knowling,15704164,Demetris.Knowling@college.harvard.edu,10
Cristabel,Cristi,10754464,Cristabel.Cristi@college.harvard.edu,10
Ellette,Rozanna,14317018,Ellette.Rozanna@college.harvard.edu,10
Siana,Hermes,18178860,Siana.Hermes@college.harvard.edu,10
Melisent,Seagraves,10533859,Melisent.Seagraves@college.harvard.edu,10
Maye,Tufts,18398005,Maye.Tufts@college.harvard.edu,10
Yetty,Hortensia,11908593,Yetty.Hortensia@college.harvard.edu,10
Flo,Linehan,17929526,Flo.Linehan@college.harvard.edu,10
Sybille,Seessel,16966292,Sybille.Seessel@college.harvard.edu,10
Brana,Corilla,19971378,Brana.Corilla@college.harvard.edu,10
Benita,Read,12250268,Benita.Read@college.harvard.edu,10
Andeee,Ummersen,15992175,Andeee.Ummersen@college.harvard.edu,10
Winifred,Dyche,17844048,Winifred.Dyche@college.harvard.edu,10
Jasmina,Monk,10551394,Jasmina.Monk@college.harvard.edu,10
Taffy,Maryanne,14927666,Taffy.Maryanne@college.harvard.edu,10
Kore,Elisha,18360260,Kore.Elisha@college.harvard.edu,10
Delilah,Saunderson,16577825,Delilah.Saunderson@college.harvard.edu,10
Lonnie,Vernier,18588606,Lonnie.Vernier@college.harvard.edu,10
Kathy,Hewitt,18371762,Kathy.Hewitt@college.harvard.edu,10
Perry,Koziara,12254219,Perry.Koziara@college.harvard.edu,10
Lindie,Zenas,11854362,Lindie.Zenas@college.harvard.edu,10
Demetris,Adalbert,12933656,Demetris.Adalbert@college.harvard.edu,10
Belinda,Dearborn,19309341,Belinda.Dearborn@college.harvard.edu,10
Veda,Angelis,17373645,Veda.Angelis@college.harvard.edu,10
Tatiania,Lauraine,13852694,Tatiania.Lauraine@college.harvard.edu,10
Annabela,Tound,12690522,Annabela.Tound@college.harvard.edu,10
Elvira,Sophronia,10448144,Elvira.Sophronia@college.harvard.edu,10
Laurene,Lamoree,19857961,Laurene.Lamoree@college.harvard.edu,10
Lynea,Nikaniki,13410137,Lynea.Nikaniki@college.harvard.edu,10
Carmela,Karna,17425501,Carmela.Karna@college.harvard.edu,10
Cindelyn,Pelagias,16266769,Cindelyn.Pelagias@college.harvard.edu,10
Marnia,Fosque,16460668,Marnia.Fosque@college.harvard.edu,10
Alie,Tybald,14250354,Alie.Tybald@college.harvard.edu,10
Kirstin,Johanna,18037145,Kirstin.Johanna@college.harvard.edu,10
Justinn,Papageno,13205422,Justinn.Papageno@college.harvard.edu,10
Aeriela,Colbert,16741827,Aeriela.Colbert@college.harvard.edu,10
Brooks,Korey,11114508,Brooks.Korey@college.harvard.edu,10
Pollyanna,Paton,15252559,Pollyanna.Paton@college.harvard.edu,10
Kayla,Hachmin,10673577,Kayla.Hachmin@college.harvard.edu,10
Miquela,Keelia,13632942,Miquela.Keelia@college.harvard.edu,10
Allis,Couture,18620374,Allis.Couture@college.harvard.edu,10
Frank,Kathie,16862194,Frank.Kathie@college.harvard.edu,10
Jasmina,Joeann,17828548,Jasmina.Joeann@college.harvard.edu,10
Tera,McLaughlin,11154176,Tera.McLaughlin@college.harvard.edu,10
Ingrid,Eachern,12490247,Ingrid.Eachern@college.harvard.edu,10
Fina,Hoban,19667123,Fina.Hoban@college.harvard.edu,10
Lanna,Kaja,10324447,Lanna.Kaja@college.harvard.edu,10
Margette,Boehike,17049726,Margette.Boehike@college.harvard.edu,10
Gretal,Carvey,12341371,Gretal.Carvey@college.harvard.edu,10
Sallie,Tjon,17702318,Sallie.Tjon@college.harvard.edu,10
