Cristabel,Audly,19191289,Cristabel.Audly@college.harvard.edu,11
Evita,Whittaker,16942112,Evita.Whittaker@college.harvard.edu,11
Catrina,Persse,14686761,Catrina.Persse@college.harvard.edu,11
Melina,Elsinore,13761016,Melina.Elsinore@college.harvard.edu,11
Elyssa,Wu,12316153,Elyssa.Wu@college.harvard.edu,11
Jenda,Diann,15279072,Jenda.Diann@college.harvard.edu,11
Kassey,Screens,16344805,Kassey.Screens@college.harvard.edu,11
Joane,Bouchard,15634642,Joane.Bouchard@college.harvard.edu,11
Fredericka,Grimbly,13591891,Fredericka.Grimbly@college.harvard.edu,11
Kayla,Roumell,16667305,Kayla.Roumell@college.harvard.edu,11
Frances,Joni,10462931,Frances.Joni@college.harvard.edu,11
Shauna,Docilla,15250156,Shauna.Docilla@college.harvard.edu,11
Allis,Glenden,18548650,Allis.Glenden@college.harvard.edu,11
Lorne,Schenck,11660791,Lorne.Schenck@college.harvard.edu,11
Winny,Tryck,14652923,Winny.Tryck@college.harvard.edu,11
Elyssa,Ferrell,14483367,Elyssa.Ferrell@college.harvard.edu,11
Lorenza,Dearborn,18290415,Lorenza.Dearborn@college.harvard.edu,11
Mireielle,Ardra,12726659,Mireielle.Ardra@college.harvard.edu,11
Annecorinne,Marijo,15561593,Annecorinne.Marijo@college.harvard.edu,11
Neila,Haymes,16440834,Neila.Haymes@college.harvard.edu,11
Doro,Dom,17592122,Doro.Dom@college.harvard.edu,11
Devina,Fontana,15837609,Devina.Fontana@college.harvard.edu,11
Evaleen,Wolfgram,13940303,Evaleen.Wolfgram@college.harvard.edu,11
Aeriela,Maribeth,16336632,Aeriela.Maribeth@college.harvard.edu,11
Marti,Slifka,12227793,Marti.Slifka@college.harvard.edu,11
Vonny,Behre,10551097,Vonny.Behre@college.harvard.edu,11
Jessamyn,Konyn,11424171,Jessamyn.Konyn@college.harvard.edu,11
Zsa Zsa,Lynn,17628953,Zsa Zsa.Lynn@college.harvard.edu,11
Riannon,Redmond,19596885,Riannon.Redmond@college.harvard.edu,11
Lynnea,Daveta,15787314,Lynnea.Daveta@college.harvard.edu,11
Claresta,Chrystel,18203756,Claresta.Chrystel@college.harvard.edu,11
Jennica,Pettiford,11417817,Jennica.Pettiford@college.harvard.edu,11
Luci,Corabella,17742824,Luci.Corabella@college.harvard.edu,11
Patricia,Alejoa,16214403,Patricia.Alejoa@college.harvard.edu,11
Elbertina,Chesna,13813191,Elbertina.Chesna@college.harvard.edu,11
Lacie,Velick,16440009,Lacie.Velick@college.harvard.edu,11
Joleen,Madelene,18827190,Joleen.Madelene@college.harvard.edu,11
Tracey,Kenney,12275100,Tracey.Kenney@college.harvard.edu,11
Linet,Brian,13502166,Linet.Brian@college.harvard.edu,11
Shandie,Kaete,12267475,Shandie.Kaete@college.harvard.edu,11
Shaylyn,Dermott,15790783,Shaylyn.Dermott@college.harvard.edu,11
Rhea,Honoria,14749518,Rhea.Honoria@college.harvard.edu,11
Atlanta,Mauer,12565564,Atlanta.Mauer@college.harvard.edu,11
Ricky,Beebe,10279094,Ricky.Beebe@college.harvard.edu,11
Vanessa,Baptlsta,17907239,Vanessa.Baptlsta@college.harvard.edu,11
Darlleen,Reidar,19734836,Darlleen.Reidar@college.harvard.edu,11
Flory,Raama,12275983,Flory.Raama@college.harvard.edu,11
Tamqrah,Melan,13452539,Tamqrah.Melan@college.harvard.edu,11
Kaja,Carbo,10160444,Kaja.Carbo@college.harvard.edu,11
Agathe,Janith,15193473,Agathe.Janith@college.harvard.edu,11
Millie,Tound,10802903,Millie.Tound@college.harvard.edu,11
Molli,Orpah,15713449,Molli.Orpah@college.harvard.edu,11
Kerrin,Merat,12449723,Kerrin.Merat@college.harvard.edu,11
Cindelyn,Holbrook,12951408,Cindelyn.Holbrook@college.harvard.edu,11
Susan,Vittoria,13986225,Susan.Vittoria@college.harvard.edu,11
Mathilda,Henrie,12978721,Mathilda.Henrie@college.harvard.edu,11
Maud,Faust,16110589,Maud.Faust@college.harvard.edu,11
Ivett,O'Neill,18808262,Ivett.O'Neill@college.harvard.edu,11
Constance,Hull,14103313,Constance.Hull@college.harvard.edu,11
Chickie,Shanley,13273260,Chickie.Shanley@college.harvard.edu,11
Bobbi,Gusella,19319004,Bobbi.Gusella@college.harvard.edu,11
Merry,Nerita,11348526,Merry.Nerita@college.harvard.edu,11
Babita,Sammons,18809302,Babita.Sammons@college.harvard.edu,11
Elora,Sundin,19600495,Elora.Sundin@college.harvard.edu,11
Shirlee,Ader,16064336,Shirlee.Ader@college.harvard.edu,11
Caritta,Fulmer,10041186,Caritta.Fulmer@college.harvard.edu,11
Sheree,Ezar,18273460,Sheree.Ezar@college.harvard.edu,11
Pierette,Sperling,18151935,Pierette.Sperling@college.harvard.edu,11
Claresta,Ashok,19904763,Claresta.Ashok@college.harvard.edu,11
Ursulina,Rurik,16352190,Ursulina.Rurik@college.harvard.edu,11
Corly,Dichy,13973312,Corly.Dichy@college.harvard.edu,11
Shell,Llovera,13574080,Shell.Llovera@college.harvard.edu,11
Ricky,Rebecka,15608353,Ricky.Rebecka@college.harvard.edu,11
Beverley,Hepsibah,13588302,Beverley.Hepsibah@college.harvard.edu,11
Priscilla,Carleen,15682043,Priscilla.Carleen@college.harvard.edu,11
Cissiee,Tomasina,11967282,Cissiee.Tomasina@college.harvard.edu,11
Arabel,O'Rourke,18821432,Arabel.O'Rourke@college.harvard.edu,11
Cherrita,Zuzana,11343879,Cherrita.Zuzana@college.harvard.edu,11
Maud,Martguerita,10975542,Maud.Martguerita@college.harvard.edu,11
Kristan,Jorgan,14820315,Kristan.Jorgan@college.harvard.edu,11
Constance,Evangelia,11416501,Constance.Evangelia@college.harvard.edu,11
Orelia,Byrne,17973940,Orelia.Byrne@college.harvard.edu,11
Taffy,Tillford,11940032,Taffy.Tillford@college.harvard.edu,11
Daryl,Ophelia,14592898,Daryl.Ophelia@college.harvard.edu,11
Melanie,Seagraves,13293637,Melanie.Seagraves@college.harvard.edu,11
Grier,Artie,12204827,Grier.Artie@college.harvard.edu,11
Lynnea,Ricki,19034110,Lynnea.Ricki@college.harvard.edu,11
Margette,Izaak,14666115,Margette.Izaak@college.harvard.edu,11
Sibella,Carleen,13830984,Sibella.Carleen@college.harvard.edu,11
Gilligan,Atonsah,11926715,Gilligan.Atonsah@college.harvard.edu,11
Emelina,McAdams,10858543,Emelina.McAdams@college.harvard.edu,11
Orelia,Poppy,18048799,Orelia.Poppy@college.harvard.edu,11
Libbie,Malvino,16052807,Libbie.Malvino@college.harvard.edu,11
Odessa,Haldas,15838724,Odessa.Haldas@college.harvard.edu,11
Jsandye,Syd,10605116,Jsandye.Syd@college.harvard.edu,11
Gerrie,Urias,19847400,Gerrie.Urias@college.harvard.edu,11
Latisha,Kermit,15723035,Latisha.Kermit@college.harvard.edu,11
Aurore,Luhe,11083662,Aurore.Luhe@college.harvard.edu,11
Rochette,Ammann,14913917,Rochette.Ammann@college.harvard.edu,11
Kittie,Michella,11674186,Kittie.Michella@college.harvard.edu,11
Robinia,Federica,13736039,Robinia.Federica@college.harvard.edu,11
Marcy,Ellerey,19760726,Marcy.Ellerey@college.harvard.edu,11
Penelopa,Pacorro,18931782,Penelopa.Pacorro@college.harvard.edu,11
Demetris,Barrus,14167795,Demetris.Barrus@college.harvard.edu,11
Tracey,Cohdwell,11374641,Tracey.Cohdwell@college.harvard.edu,11
Cindelyn,Ioab,12257941,Cindelyn.Ioab@college.harvard.edu,11
Marcelline,Hillel,10902962,Marcelline.Hillel@college.harvard.edu,11
Arabel,Leffen,13837190,Arabel.Leffen@college.harvard.edu,11
Georgetta,Dreda,15355707,Georgetta.Dreda@college.harvard.edu,11
Veda,Abbot,17930039,Veda.Abbot@college.harvard.edu,11
Asia,Orlene,10170163,Asia.Orlene@college.harvard.edu,11
Gale,Yorick,15923521,Gale.Yorick@college.harvard.edu,11
Elmira,Colleen,19595580,Elmira.Colleen@college.harvard.edu,11
Joy,Bethany,14229598,Joy.Bethany@college.harvard.edu,11
Atlanta,Lanita,12339168,Atlanta.Lanita@college.harvard.edu,11
Sara-Ann,Kress,11872771,Sara-Ann.Kress@college.harvard.edu,11
Helena,Land,15106524,Helena.Land@college.harvard.edu,11
Nonnah,Peti,17140204,Nonnah.Peti@college.harvard.edu,11
Kaja,Wandie,16040250,Kaja.Wandie@college.harvard.edu,11
Leanna,Autrey,17451210,Leanna.Autrey@college.harvard.edu,11
Tabbatha,Bigner,11666164,Tabbatha.Bigner@college.harvard.edu,11
Lauryn,Timon,11998883,Lauryn.Timon@college.harvard.edu,11
Lita,Daegal,10441522,Lita.Daegal@college.harvard.edu,11
Delilah,Martsen,10002920,Delilah.Martsen@college.harvard.edu,11
Brana,Corilla,19971378,Brana.Corilla@college.harvard.edu,11
Amara,Ephrem,12069554,Amara.Ephrem@college.harvard.edu,11
Kelly,Anyah,18523066,Kelly.Anyah@college.harvard.edu,11
Lucy,Pierette,11339895,Lucy.Pierette@college.harvard.edu,11
Riannon,Joseph,12507673,Riannon.Joseph@college.harvard.edu,11
Tersina,Ade,14298315,Tersina.Ade@college.harvard.edu,11
Lynnea,Margarete,12792989,Lynnea.Margarete@college.harvard.edu,11
Demetris,Adalbert,12933656,Demetris.Adalbert@college.harvard.edu,11
Binny,Hailee,16632121,Binny.Hailee@college.harvard.edu,11
Laure,Hazlett,15521727,Laure.Hazlett@college.harvard.edu,11
Carly,Cohdwell,19467576,Carly.Cohdwell@college.harvard.edu,11
Bernardine,Boycey,16023468,Bernardine.Boycey@college.harvard.edu,11
Ana,Burch,11064056,Ana.Burch@college.harvard.edu,11
Ulrike,Toffic,19841973,Ulrike.Toffic@college.harvard.edu,11
Audrie,Jess,19660083,Audrie.Jess@college.harvard.edu,11
Carolina,Belanger,18371354,Carolina.Belanger@college.harvard.edu,11
Kamilah,Shama,12200289,Kamilah.Shama@college.harvard.edu,11
Brooks,Creamer,19351121,Brooks.Creamer@college.harvard.edu,11
Annora,Nicoline,11662200,Annora.Nicoline@college.harvard.edu,11
Dulce,Mathilde,10583438,Dulce.Mathilde@college.harvard.edu,11
Merry,Lunsford,15030655,Merry.Lunsford@college.harvard.edu,11
Kirstin,Johanna,18037145,Kirstin.Johanna@college.harvard.edu,11
Claresta,Adlare,19932243,Claresta.Adlare@college.harvard.edu,11
Ida,Wilkinson,17300062,Ida.Wilkinson@college.harvard.edu,11
Hollie,Teryn,19937443,Hollie.Teryn@college.harvard.edu,11
Allyce,Rozanna,14944069,Allyce.Rozanna@college.harvard.edu,11
Clary,Merat,11186850,Clary.Merat@college.harvard.edu,11
Nannie,Doig,11796401,Nannie.Doig@college.harvard.edu,11
Sara-Ann,Granoff,15624180,Sara-Ann.Granoff@college.harvard.edu,11
Etta,Darbie,10556917,Etta.Darbie@college.harvard.edu,11
Brooks,Korey,11114508,Brooks.Korey@college.harvard.edu,11
Miquela,Keelia,13632942,Miquela.Keelia@college.harvard.edu,11
Kore,Freddi,19662289,Kore.Freddi@college.harvard.edu,11
Ileana,Erlandson,17180867,Ileana.Erlandson@college.harvard.edu,11
Goldie,Sisile,14414869,Goldie.Sisile@college.harvard.edu,11
Leeanne,Monaco,17596570,Leeanne.Monaco@college.harvard.edu,11
Aryn,Crudden,18626775,Aryn.Crudden@college.harvard.edu,11
Tilly,Raffo,14504872,Tilly.Raffo@college.harvard.edu,11
Danika,Nunci,19294671,Danika.Nunci@college.harvard.edu,11
Phylis,Koehler,16551520,Phylis.Koehler@college.harvard.edu,11
Sallie,Tjon,17702318,Sallie.Tjon@college.harvard.edu,11
Regina,Rodmann,17836189,Regina.Rodmann@college.harvard.edu,11
Elise,Adalbert,13637858,Elise.Adalbert@college.harvard.edu,11
Merrie,Ivens,17807279,Merrie.Ivens@college.harvard.edu,11
Elise,Kellby,12101108,Elise.Kellby@college.harvard.edu,11
Marguerite,Ardeha,19849461,Marguerite.Ardeha@college.harvard.edu,11
Kary,Hurley,19259148,Kary.Hurley@college.harvard.edu,11
Nicoli,Sholley,17218018,Nicoli.Sholley@college.harvard.edu,11
Atlanta,Ax,12834470,Atlanta.Ax@college.harvard.edu,11
