Carly,Haymes,10825876,Carly.Haymes@college.harvard.edu,11
Pierette,Hutchison,16577108,Pierette.Hutchison@college.harvard.edu,11
Fredericka,Lane,12958619,Fredericka.Lane@college.harvard.edu,11
Fina,Himelman,16919718,Fina.Himelman@college.harvard.edu,11
Lauryn,Tamsky,14140421,Lauryn.Tamsky@college.harvard.edu,11
Carol-Jean,Elsinore,13442638,Carol-Jean.Elsinore@college.harvard.edu,11
Tobe,Emmy,18787384,Tobe.Emmy@college.harvard.edu,11
Misha,Cristi,12765233,Misha.Cristi@college.harvard.edu,11
Gretal,Septima,14392954,Gretal.Septima@college.harvard.edu,11
Eugine,Carbo,13790515,Eugine.Carbo@college.harvard.edu,11
Tybie,Roumell,19703610,Tybie.Roumell@college.harvard.edu,11
Alia,Ax,18292267,Alia.Ax@college.harvard.edu,11
Winny,Tryck,14652923,Winny.Tryck@college.harvard.edu,11
Kittie,Seumas,17227745,Kittie.Seumas@college.harvard.edu,11
Lorne,Boehike,11213265,Lorne.Boehike@college.harvard.edu,11
Aurelie,Ortrude,10158974,Aurelie.Ortrude@college.harvard.edu,11
Mady,Larochelle,14035179,Mady.Larochelle@college.harvard.edu,11
Alex,Modie,12824975,Alex.Modie@college.harvard.edu,11
Marti,Slifka,12227793,Marti.Slifka@college.harvard.edu,11
Sashenka,Dudley,19374537,Sashenka.Dudley@college.harvard.edu,11
Renie,Heisel,15944090,Renie.Heisel@college.harvard.edu,11
Julieta,Dash,12116605,Julieta.Dash@college.harvard.edu,11
Elbertina,Chesna,13813191,Elbertina.Chesna@college.harvard.edu,11
Eolanda,Elvyn,14220399,Eolanda.Elvyn@college.harvard.edu,11
Bobinette,Jagir,17701556,Bobinette.Jagir@college.harvard.edu,11
Aimil,Constancy,10888866,Aimil.Constancy@college.harvard.edu,11
Blake,Fredi,12897689,Blake.Fredi@college.harvard.edu,11
Almeta,Erich,15984018,Almeta.Erich@college.harvard.edu,11
Consuela,Haerr,13072923,Consuela.Haerr@college.harvard.edu,11
Merry,Meli,19293136,Merry.Meli@college.harvard.edu,11
Dede,Reinke,16737716,Dede.Reinke@college.harvard.edu,11
Dorice,Emmaline,10494020,Dorice.Emmaline@college.harvard.edu,11
Odessa,Fredi,18714567,Odessa.Fredi@college.harvard.edu,11
Elka,Sikorski,17302491,Elka.Sikorski@college.harvard.edu,11
Celestyna,Bennie,18135448,Celestyna.Bennie@college.harvard.edu,11
Kelly,Larochelle,13560035,Kelly.Larochelle@college.harvard.edu,11
Emma,Braun,16996166,Emma.Braun@college.harvard.edu,11
Maud,Faust,16110589,Maud.Faust@college.harvard.edu,11
Frank,Riordan,18399516,Frank.Riordan@college.harvard.edu,11
Bettine,Center,10020605,Bettine.Center@college.harvard.edu,11
Desirae,Meli,12816224,Desirae.Meli@college.harvard.edu,11
Jenilee,Ammann,11561470,Jenilee.Ammann@college.harvard.edu,11
Cristine,Regan,17652493,Cristine.Regan@college.harvard.edu,11
Cacilie,Raama,11811983,Cacilie.Raama@college.harvard.edu,11
Fina,Brandice,16502184,Fina.Brandice@college.harvard.edu,11
Roberta,Quinn,10382448,Roberta.Quinn@college.harvard.edu,11
Rubie,Lay,11903255,Rubie.Lay@college.harvard.edu,11
Gilda,Japeth,12094028,Gilda.Japeth@college.harvard.edu,11
Shell,Willie,14701557,Shell.Willie@college.harvard.edu,11
Siana,Bahr,11503157,Siana.Bahr@college.harvard.edu,11
Sybille,Regan,12826053,Sybille.Regan@college.harvard.edu,11
Ursulina,Konyn,17700701,Ursulina.Konyn@college.harvard.edu,11
Shirlee,Ader,16064336,Shirlee.Ader@college.harvard.edu,11
Odessa,Oster,19803879,Odessa.Oster@college.harvard.edu,11
Leontine,Othilia,15282868,Leontine.Othilia@college.harvard.edu,11
Vinita,Halla,15971409,Vinita.Halla@college.harvard.edu,11
Xylina,Giff,16138116,Xylina.Giff@college.harvard.edu,11
Lolita,Gunn,19917300,Lolita.Gunn@college.harvard.edu,11
Tiffie,Lacombe,11269300,Tiffie.Lacombe@college.harvard.edu,11
Jenda,Morrill,16764648,Jenda.Morrill@college.harvard.edu,11
Augustine,Bach,12695960,Augustine.Bach@college.harvard.edu,11
Inga,Carolin,15799566,Inga.Carolin@college.harvard.edu,11
Melina,Wattenberg,18382813,Melina.Wattenberg@college.harvard.edu,11
Babita,Sinegold,18677649,Babita.Sinegold@college.harvard.edu,11
Lauryn,Rustice,16087399,Lauryn.Rustice@college.harvard.edu,11
Hope,Giule,15270165,Hope.Giule@college.harvard.edu,11
Lesly,Alarise,18875378,Lesly.Alarise@college.harvard.edu,11
Susette,Yusuk,10166544,Susette.Yusuk@college.harvard.edu,11
Arabel,Peti,19898765,Arabel.Peti@college.harvard.edu,11
Oona,Poppy,10759389,Oona.Poppy@college.harvard.edu,11
Bertine,Carbo,10304187,Bertine.Carbo@college.harvard.edu,11
Elyssa,Jerold,14735267,Elyssa.Jerold@college.harvard.edu,11
Marcy,Anis,14014954,Marcy.Anis@college.harvard.edu,11
Melanie,Sheedy,11825993,Melanie.Sheedy@college.harvard.edu,11
Constance,Evangelia,11416501,Constance.Evangelia@college.harvard.edu,11
Carilyn,Evangelia,15437118,Carilyn.Evangelia@college.harvard.edu,11
Joleen,Valerio,15063695,Joleen.Valerio@college.harvard.edu,11
Ashlee,Ader,15219066,Ashlee.Ader@college.harvard.edu,11
Viviene,Mallon,15424002,Viviene.Mallon@college.harvard.edu,11
Elka,Urias,19584824,Elka.Urias@college.harvard.edu,11
Suzette,Eno,10626114,Suzette.Eno@college.harvard.edu,11
Elsie,Wind,14918724,Elsie.Wind@college.harvard.edu,11
Carly,Ehrman,15917292,Carly.Ehrman@college.harvard.edu,11
Teriann,Berl,10363305,Teriann.Berl@college.harvard.edu,11
Bee,Erich,16134294,Bee.Erich@college.harvard.edu,11
Gilligan,Atonsah,11926715,Gilligan.Atonsah@college.harvard.edu,11
Concettina,Madaih,16193384,Concettina.Madaih@college.harvard.edu,11
Marleah,Miru,16850946,Marleah.Miru@college.harvard.edu,11
Dorthy,Dash,19938733,Dorthy.Dash@college.harvard.edu,11
Aurore,Sothena,11939434,Aurore.Sothena@college.harvard.edu,11
Raina,Hailee,14270773,Raina.Hailee@college.harvard.edu,11
Brana,Morrill,15793104,Brana.Morrill@college.harvard.edu,11
Damaris,Brunell,16201584,Damaris.Brunell@college.harvard.edu,11
Sarette,Ries,16930019,Sarette.Ries@college.harvard.edu,11
Cacilie,Reinke,15016735,Cacilie.Reinke@college.harvard.edu,11
Riannon,Stanwood,10024217,Riannon.Stanwood@college.harvard.edu,11
Robinia,Hoenack,10783596,Robinia.Hoenack@college.harvard.edu,11
Dorene,Breed,15189851,Dorene.Breed@college.harvard.edu,11
Tobe,Hillel,17592243,Tobe.Hillel@college.harvard.edu,11
Larine,Cleo,19399426,Larine.Cleo@college.harvard.edu,11
Kassey,Regan,17587880,Kassey.Regan@college.harvard.edu,11
Shauna,Goldina,18670050,Shauna.Goldina@college.harvard.edu,11
Katharina,Eugenia,17461239,Katharina.Eugenia@college.harvard.edu,11
Orelia,Drisko,10410477,Orelia.Drisko@college.harvard.edu,11
Clo,Lindemann,10764208,Clo.Lindemann@college.harvard.edu,11
Konstance,MacIntosh,10379189,Konstance.MacIntosh@college.harvard.edu,11
Laure,Gillan,14893790,Laure.Gillan@college.harvard.edu,11
Margette,Elisha,18854868,Margette.Elisha@college.harvard.edu,11
Roslyn,Donoghue,18187787,Roslyn.Donoghue@college.harvard.edu,11
Cathyleen,Stanwood,13786369,Cathyleen.Stanwood@college.harvard.edu,11
Hollie,Hanleigh,12978626,Hollie.Hanleigh@college.harvard.edu,11
Ginnie,Karl,15686139,Ginnie.Karl@college.harvard.edu,11
Merrie,Chaing,16311936,Merrie.Chaing@college.harvard.edu,11
Sidoney,Killigrew,16927572,Sidoney.Killigrew@college.harvard.edu,11
Nessie,Anyah,12191748,Nessie.Anyah@college.harvard.edu,11
Darlleen,Lytton,12014499,Darlleen.Lytton@college.harvard.edu,11
Alleen,Dex,18465298,Alleen.Dex@college.harvard.edu,11
Shandie,Ovid,17742716,Shandie.Ovid@college.harvard.edu,11
Romona,Demitria,19907914,Romona.Demitria@college.harvard.edu,11
Claresta,Monaco,10359657,Claresta.Monaco@college.harvard.edu,11
Lusa,Linskey,18582240,Lusa.Linskey@college.harvard.edu,11
Letizia,Clarissa,12941771,Letizia.Clarissa@college.harvard.edu,11
Jessamyn,Juan,16352586,Jessamyn.Juan@college.harvard.edu,11
Therine,Ezar,10098113,Therine.Ezar@college.harvard.edu,11
Olivette,Aldric,17357122,Olivette.Aldric@college.harvard.edu,11
Melodie,Natalia,10147953,Melodie.Natalia@college.harvard.edu,11
Meriel,Howlyn,11602393,Meriel.Howlyn@college.harvard.edu,11
Christal,Buttaro,19420308,Christal.Buttaro@college.harvard.edu,11
Bernie,Dannye,16610758,Bernie.Dannye@college.harvard.edu,11
Alexine,Torray,10784623,Alexine.Torray@college.harvard.edu,11
Sophia,Ajay,19047058,Sophia.Ajay@college.harvard.edu,11
Dulce,Burch,18908062,Dulce.Burch@college.harvard.edu,11
Emilia,Amethist,16165129,Emilia.Amethist@college.harvard.edu,11
Brietta,Norrie,18432003,Brietta.Norrie@college.harvard.edu,11
Jenda,Maples,11626795,Jenda.Maples@college.harvard.edu,11
Ekaterina,Maiah,16845912,Ekaterina.Maiah@college.harvard.edu,11
Carolina,Belanger,18371354,Carolina.Belanger@college.harvard.edu,11
Vivia,Bluh,10164273,Vivia.Bluh@college.harvard.edu,11
Bernie,Tristram,16206011,Bernie.Tristram@college.harvard.edu,11
Jessamyn,Wadell,19237850,Jessamyn.Wadell@college.harvard.edu,11
Kaja,Shaver,18065087,Kaja.Shaver@college.harvard.edu,11
Annora,Nicoline,11662200,Annora.Nicoline@college.harvard.edu,11
Marika,Kannry,17441113,Marika.Kannry@college.harvard.edu,11
Genevra,Rillings,10949407,Genevra.Rillings@college.harvard.edu,11
Sherrie,Anselmi,10852333,Sherrie.Anselmi@college.harvard.edu,11
Vinita,Hylan,12534388,Vinita.Hylan@college.harvard.edu,11
Deirdre,Chrystel,18986651,Deirdre.Chrystel@college.harvard.edu,11
Tybie,Elo,19894264,Tybie.Elo@college.harvard.edu,11
Emelina,Hachmin,18917186,Emelina.Hachmin@college.harvard.edu,11
Ileana,Erlandson,17180867,Ileana.Erlandson@college.harvard.edu,11
Nelle,Erich,13451313,Nelle.Erich@college.harvard.edu,11
Lynde,Judye,13912241,Lynde.Judye@college.harvard.edu,11
Myriam,Cordi,15070777,Myriam.Cordi@college.harvard.edu,11
Paulita,Felizio,12402678,Paulita.Felizio@college.harvard.edu,11
Etta,Girardo,13042891,Etta.Girardo@college.harvard.edu,11
Britte,Baudin,10787024,Britte.Baudin@college.harvard.edu,11
Althea,Deegan,12802873,Althea.Deegan@college.harvard.edu,11
Arabel,Dalli,18867335,Arabel.Dalli@college.harvard.edu,11
Elyssa,Zuzana,16973517,Elyssa.Zuzana@college.harvard.edu,11
Elise,Kellby,12101108,Elise.Kellby@college.harvard.edu,11
Liana,Lissi,13911474,Liana.Lissi@college.harvard.edu,11
Cathyleen,Sholley,16958010,Cathyleen.Sholley@college.harvard.edu,11
Lonnie,Blisse,14330413,Lonnie.Blisse@college.harvard.edu,11
Dyann,Martguerita,11819882,Dyann.Martguerita@college.harvard.edu,11
Vevay,Timon,13203250,Vevay.Timon@college.harvard.edu,11
Kalina,Carlson,19727831,Kalina.Carlson@college.harvard.edu,11
